Name,y,sr,Tempo,Energy,Transients_Percussive,Transients_Bass
apollo.mp3,"[-6.6435746e-13  5.2580162e-13  5.1691984e-13 ... -0.0000000e+00
  0.0000000e+00 -0.0000000e+00]",22050,136,0.34958586,"[2.32199546e-01 3.71519274e-01 4.64399093e-01 ... 4.16751746e+02
 4.17192925e+02 4.17425125e+02]","[2.32199546e-01 6.73378685e-01 1.11455782e+00 ... 4.17216145e+02
 4.17448345e+02 4.17657324e+02]"
